{
	"IcoMoonType": "selection",
	"icons": [
		{
			"icon": {
				"paths": [
					"M1024 590.444l-512-397.426-512 397.428v-162.038l512-397.426 512 397.428zM896 576v384h-256v-256h-256v256h-256v-384l384-288z"
				],
				"attrs": [],
				"tags": [
					"home",
					"house"
				],
				"grid": 16
			},
			"attrs": [],
			"properties": {
				"id": 51,
				"order": 40,
				"prevSize": 32,
				"ligatures": "home, house",
				"name": "home",
				"code": 59648
			},
			"setIdx": 0,
			"setId": 0,
			"iconIdx": 0
		},
		{
			"icon": {
				"paths": [
					"M384 640l128-64 448-448-64-64-448 448-64 128zM289.3 867.098c-31.632-66.728-65.666-100.762-132.396-132.394l99.096-272.792 128-77.912 384-384h-192l-384 384-192 640 640-192 384-384v-192l-384 384-77.912 128z"
				],
				"attrs": [],
				"tags": [
					"pencil",
					"write",
					"edit"
				],
				"grid": 16
			},
			"attrs": [],
			"properties": {
				"id": 67,
				"order": 39,
				"prevSize": 32,
				"ligatures": "pencil2, write2",
				"name": "pencil2",
				"code": 59649
			},
			"setIdx": 0,
			"setId": 0,
			"iconIdx": 6
		},
		{
			"icon": {
				"paths": [
					"M864 0h-768c-52.8 0-96 43.2-96 96v832c0 52.8 43.2 96 96 96h768c52.8 0 96-43.2 96-96v-832c0-52.8-43.2-96-96-96zM832 896h-704v-768h704v768zM256 448h448v64h-448zM256 576h448v64h-448zM256 704h448v64h-448zM256 320h448v64h-448z"
				],
				"attrs": [],
				"tags": [
					"file-text",
					"file",
					"document",
					"list",
					"paper"
				],
				"grid": 16
			},
			"attrs": [],
			"properties": {
				"id": 177,
				"order": 42,
				"prevSize": 32,
				"ligatures": "file-text, file",
				"name": "file-text",
				"code": 59650
			},
			"setIdx": 0,
			"setId": 0,
			"iconIdx": 34
		},
		{
			"icon": {
				"paths": [
					"M640 256v-256h-448l-192 192v576h384v256h640v-768h-384zM192 90.51v101.49h-101.49l101.49-101.49zM64 704v-448h192v-192h320v192l-192 192v256h-320zM576 346.51v101.49h-101.49l101.49-101.49zM960 960h-512v-448h192v-192h320v640z"
				],
				"attrs": [],
				"tags": [
					"copy",
					"duplicate",
					"files",
					"pages",
					"papers",
					"documents"
				],
				"grid": 16
			},
			"attrs": [],
			"properties": {
				"id": 208,
				"order": 41,
				"prevSize": 32,
				"ligatures": "copy, duplicate",
				"name": "copy",
				"code": 59651
			},
			"setIdx": 0,
			"setId": 0,
			"iconIdx": 44
		},
		{
			"icon": {
				"paths": [
					"M1024 320l-512-256-512 256 512 256 512-256zM512 148.97l342.058 171.030-342.058 171.030-342.058-171.030 342.058-171.030zM921.444 460.722l102.556 51.278-512 256-512-256 102.556-51.278 409.444 204.722zM921.444 652.722l102.556 51.278-512 256-512-256 102.556-51.278 409.444 204.722z"
				],
				"attrs": [],
				"tags": [
					"stack",
					"layers"
				],
				"grid": 16
			},
			"attrs": [],
			"properties": {
				"id": 214,
				"order": 43,
				"prevSize": 32,
				"ligatures": "stack, layers",
				"name": "stack",
				"code": 59652
			},
			"setIdx": 0,
			"setId": 0,
			"iconIdx": 46
		},
		{
			"icon": {
				"paths": [
					"M576 256l-128-128h-448v832h1024v-704h-448zM512 864l-224-224h160v-256h128v256h160l-224 224z"
				],
				"attrs": [],
				"tags": [
					"folder-download",
					"directory",
					"folder-save"
				],
				"grid": 16
			},
			"attrs": [],
			"properties": {
				"id": 234,
				"order": 44,
				"prevSize": 32,
				"ligatures": "folder-download, directory5",
				"name": "folder-download",
				"code": 59653
			},
			"setIdx": 0,
			"setId": 0,
			"iconIdx": 51
		},
		{
			"icon": {
				"paths": [
					"M384 928c0 53.019-42.981 96-96 96s-96-42.981-96-96c0-53.019 42.981-96 96-96s96 42.981 96 96z",
					"M1024 928c0 53.019-42.981 96-96 96s-96-42.981-96-96c0-53.019 42.981-96 96-96s96 42.981 96 96z",
					"M1024 512v-384h-768c0-35.346-28.654-64-64-64h-192v64h128l48.074 412.054c-29.294 23.458-48.074 59.5-48.074 99.946 0 70.696 57.308 128 128 128h768v-64h-768c-35.346 0-64-28.654-64-64 0-0.218 0.014-0.436 0.016-0.656l831.984-127.344z"
				],
				"attrs": [],
				"tags": [
					"cart",
					"purchase",
					"ecommerce",
					"shopping"
				],
				"grid": 16
			},
			"attrs": [],
			"properties": {
				"id": 259,
				"order": 45,
				"prevSize": 32,
				"ligatures": "cart, purchase",
				"name": "cart",
				"code": 59654
			},
			"setIdx": 0,
			"setId": 0,
			"iconIdx": 58
		},
		{
			"icon": {
				"paths": [
					"M544.010 1024.004c-2.296 0-4.622-0.25-6.94-0.764-14.648-3.25-25.070-16.238-25.070-31.24v-480h-480c-15.002 0-27.992-10.422-31.24-25.070-3.25-14.646 4.114-29.584 17.708-35.928l960-448c12.196-5.688 26.644-3.144 36.16 6.372 9.516 9.514 12.060 23.966 6.372 36.16l-448 960c-5.342 11.44-16.772 18.47-28.99 18.47zM176.242 448h367.758c17.674 0 32 14.328 32 32v367.758l349.79-749.546-749.548 349.788z"
				],
				"attrs": [],
				"tags": [
					"compass",
					"direction",
					"location"
				],
				"grid": 16
			},
			"attrs": [],
			"properties": {
				"order": 7,
				"id": 1524,
				"prevSize": 32,
				"ligatures": "compass, direction",
				"name": "compass",
				"code": 59655
			},
			"setIdx": 0,
			"setId": 0,
			"iconIdx": 73
		},
		{
			"icon": {
				"paths": [
					"M512 0c-282.77 0-512 229.23-512 512s229.23 512 512 512 512-229.23 512-512-229.23-512-512-512zM96 512c0-229.75 186.25-416 416-416 109.574 0 209.232 42.386 283.534 111.628l-411.534 176.372-176.372 411.534c-69.242-74.302-111.628-173.96-111.628-283.534zM585.166 585.166l-256.082 109.75 109.75-256.082 146.332 146.332zM512 928c-109.574 0-209.234-42.386-283.532-111.628l411.532-176.372 176.372-411.532c69.242 74.298 111.628 173.958 111.628 283.532 0 229.75-186.25 416-416 416z"
				],
				"attrs": [],
				"tags": [
					"compass",
					"direction",
					"location"
				],
				"grid": 16
			},
			"attrs": [],
			"properties": {
				"order": 34,
				"id": 1455,
				"prevSize": 32,
				"ligatures": "compass2, direction2",
				"name": "compass2",
				"code": 59656
			},
			"setIdx": 0,
			"setId": 0,
			"iconIdx": 74
		},
		{
			"icon": {
				"paths": [
					"M256 64h512v128h-512v-128z",
					"M960 256h-896c-35.2 0-64 28.8-64 64v320c0 35.2 28.794 64 64 64h192v256h512v-256h192c35.2 0 64-28.8 64-64v-320c0-35.2-28.8-64-64-64zM128 448c-35.346 0-64-28.654-64-64s28.654-64 64-64 64 28.654 64 64-28.652 64-64 64zM704 896h-384v-320h384v320z"
				],
				"attrs": [],
				"tags": [
					"printer",
					"print"
				],
				"grid": 16
			},
			"attrs": [],
			"properties": {
				"id": 345,
				"order": 46,
				"prevSize": 32,
				"ligatures": "printer, print",
				"name": "printer",
				"code": 59657
			},
			"setIdx": 0,
			"setId": 0,
			"iconIdx": 84
		},
		{
			"icon": {
				"paths": [
					"M736 0h-448c-52.8 0-96 43.2-96 96v832c0 52.8 43.2 96 96 96h448c52.8 0 96-43.2 96-96v-832c0-52.8-43.2-96-96-96zM384 48h256v32h-256v-32zM512 960c-35.346 0-64-28.654-64-64s28.654-64 64-64 64 28.654 64 64-28.654 64-64 64zM768 768h-512v-640h512v640z"
				],
				"attrs": [],
				"tags": [
					"mobile",
					"cell-phone",
					"handheld"
				],
				"grid": 16
			},
			"attrs": [],
			"properties": {
				"id": 358,
				"order": 47,
				"prevSize": 32,
				"ligatures": "mobile, cell-phone",
				"name": "mobile",
				"code": 59658
			},
			"setIdx": 0,
			"setId": 0,
			"iconIdx": 88
		},
		{
			"icon": {
				"paths": [
					"M512 64c-141.384 0-269.376 57.32-362.032 149.978l-149.968-149.978v384h384l-143.532-143.522c69.496-69.492 165.492-112.478 271.532-112.478 212.068 0 384 171.924 384 384 0 114.696-50.292 217.636-130.018 288l84.666 96c106.302-93.816 173.352-231.076 173.352-384 0-282.77-229.23-512-512-512z"
				],
				"attrs": [],
				"tags": [
					"undo",
					"ccw",
					"arrow"
				],
				"grid": 16
			},
			"attrs": [],
			"properties": {
				"id": 399,
				"order": 8,
				"prevSize": 32,
				"ligatures": "undo, ccw",
				"name": "undo",
				"code": 59659
			},
			"setIdx": 0,
			"setId": 0,
			"iconIdx": 101
		},
		{
			"icon": {
				"paths": [
					"M262.14 0c-113.728 206.032-132.89 520.304 313.86 509.824v-253.824l384 384-384 384v-248.372c-534.96 13.942-594.572-472.214-313.86-775.628z"
				],
				"attrs": [],
				"tags": [
					"forward",
					"right",
					"arrow-right"
				],
				"grid": 16
			},
			"attrs": [],
			"properties": {
				"id": 419,
				"order": 48,
				"prevSize": 32,
				"ligatures": "forward, right2",
				"name": "forward",
				"code": 59660
			},
			"setIdx": 0,
			"setId": 0,
			"iconIdx": 105
		},
		{
			"icon": {
				"paths": [
					"M448 775.628v248.372l-384-384 384-384v253.824c446.75 10.48 427.588-303.792 313.862-509.824 280.71 303.414 221.1 789.57-313.862 775.628z"
				],
				"attrs": [],
				"tags": [
					"reply",
					"left",
					"arrow-left"
				],
				"grid": 16
			},
			"attrs": [],
			"properties": {
				"id": 420,
				"order": 9,
				"prevSize": 32,
				"ligatures": "reply, left2",
				"name": "reply",
				"code": 59661
			},
			"setIdx": 0,
			"setId": 0,
			"iconIdx": 106
		},
		{
			"icon": {
				"paths": [
					"M576 706.612v-52.78c70.498-39.728 128-138.772 128-237.832 0-159.058 0-288-192-288s-192 128.942-192 288c0 99.060 57.502 198.104 128 237.832v52.78c-217.102 17.748-384 124.42-384 253.388h896c0-128.968-166.898-235.64-384-253.388z"
				],
				"attrs": [],
				"tags": [
					"user",
					"profile",
					"avatar",
					"person",
					"member"
				],
				"grid": 16
			},
			"attrs": [],
			"properties": {
				"order": 33,
				"id": 1628,
				"prevSize": 32,
				"ligatures": "user, profile2",
				"name": "user",
				"code": 59662
			},
			"setIdx": 0,
			"setId": 0,
			"iconIdx": 113
		},
		{
			"icon": {
				"paths": [
					"M768 770.612v-52.78c70.498-39.728 128-138.772 128-237.832 0-159.058 0-288-192-288s-192 128.942-192 288c0 99.060 57.502 198.104 128 237.832v52.78c-217.102 17.748-384 124.42-384 253.388h896c0-128.968-166.898-235.64-384-253.388z",
					"M327.196 795.328c55.31-36.15 124.080-63.636 199.788-80.414-15.054-17.784-28.708-37.622-40.492-59.020-30.414-55.234-46.492-116.058-46.492-175.894 0-86.042 0-167.31 30.6-233.762 29.706-64.504 83.128-104.496 159.222-119.488-16.914-76.48-61.94-126.75-181.822-126.75-192 0-192 128.942-192 288 0 99.060 57.502 198.104 128 237.832v52.78c-217.102 17.748-384 124.42-384 253.388h279.006c14.518-12.91 30.596-25.172 48.19-36.672z"
				],
				"width": 1152,
				"attrs": [],
				"tags": [
					"users",
					"group",
					"team",
					"members",
					"community",
					"collaborate"
				],
				"grid": 16
			},
			"attrs": [],
			"properties": {
				"id": 476,
				"order": 32,
				"prevSize": 32,
				"ligatures": "users, group",
				"name": "users",
				"code": 59663
			},
			"setIdx": 0,
			"setId": 0,
			"iconIdx": 114
		},
		{
			"icon": {
				"paths": [
					"M960 608l-288 288-96-96-64 64 160 160 352-352z",
					"M448 768h320v-115.128c-67.22-39.2-156.308-66.11-256-74.26v-52.78c70.498-39.728 128-138.772 128-237.832 0-159.058 0-288-192-288s-192 128.942-192 288c0 99.060 57.502 198.104 128 237.832v52.78c-217.102 17.748-384 124.42-384 253.388h448v-64z"
				],
				"width": 1024,
				"attrs": [],
				"tags": [
					"user-check",
					"user",
					"user-tick",
					"profile",
					"avatar",
					"person",
					"member"
				],
				"grid": 16
			},
			"attrs": [],
			"properties": {
				"order": 31,
				"id": 1494,
				"prevSize": 32,
				"ligatures": "user-check, user4",
				"name": "user-check",
				"code": 59664
			},
			"setIdx": 0,
			"setId": 0,
			"iconIdx": 117
		},
		{
			"icon": {
				"paths": [
					"M320 192c0-106.039 85.961-192 192-192s192 85.961 192 192c0 106.039-85.961 192-192 192s-192-85.961-192-192zM768.078 448h-35.424l-199.104 404.244 74.45-372.244-96-96-96 96 74.45 372.244-199.102-404.244h-35.424c-127.924 0-127.924 85.986-127.924 192v320h768v-320c0-106.014 0-192-127.922-192z"
				],
				"attrs": [],
				"tags": [
					"user-tie",
					"user",
					"user-employee",
					"profile",
					"avatar",
					"person",
					"member",
					"job",
					"official"
				],
				"grid": 16
			},
			"attrs": [],
			"properties": {
				"id": 496,
				"order": 30,
				"prevSize": 32,
				"ligatures": "user-tie, user5",
				"name": "user-tie",
				"code": 59665
			},
			"setIdx": 0,
			"setId": 0,
			"iconIdx": 118
		},
		{
			"icon": {
				"paths": [
					"M728.992 512c137.754-87.334 231.008-255.208 231.008-448 0-21.676-1.192-43.034-3.478-64h-889.042c-2.29 20.968-3.48 42.326-3.48 64 0 192.792 93.254 360.666 231.006 448-137.752 87.334-231.006 255.208-231.006 448 0 21.676 1.19 43.034 3.478 64h889.042c2.288-20.966 3.478-42.324 3.478-64 0.002-192.792-93.252-360.666-231.006-448zM160 960c0-186.912 80.162-345.414 224-397.708v-100.586c-143.838-52.29-224-210.792-224-397.706v0h704c0 186.914-80.162 345.416-224 397.706v100.586c143.838 52.294 224 210.796 224 397.708h-704zM619.626 669.594c-71.654-40.644-75.608-93.368-75.626-125.366v-64.228c0-31.994 3.804-84.914 75.744-125.664 38.504-22.364 71.808-56.348 97.048-98.336h-409.582c25.266 42.032 58.612 76.042 97.166 98.406 71.654 40.644 75.606 93.366 75.626 125.366v64.228c0 31.992-3.804 84.914-75.744 125.664-72.622 42.18-126.738 125.684-143.090 226.336h501.67c-16.364-100.708-70.53-184.248-143.212-226.406z"
				],
				"attrs": [],
				"tags": [
					"hour-glass",
					"loading",
					"busy",
					"wait"
				],
				"grid": 16
			},
			"attrs": [],
			"properties": {
				"id": 506,
				"order": 18,
				"prevSize": 32,
				"ligatures": "hour-glass, loading",
				"name": "hour-glass",
				"code": 59666
			},
			"setIdx": 0,
			"setId": 0,
			"iconIdx": 121
		},
		{
			"icon": {
				"paths": [
					"M384 128c0-70.692 57.308-128 128-128s128 57.308 128 128c0 70.692-57.308 128-128 128s-128-57.308-128-128zM655.53 240.47c0-70.692 57.308-128 128-128s128 57.308 128 128c0 70.692-57.308 128-128 128s-128-57.308-128-128zM832 512c0-35.346 28.654-64 64-64s64 28.654 64 64c0 35.346-28.654 64-64 64s-64-28.654-64-64zM719.53 783.53c0-35.346 28.654-64 64-64s64 28.654 64 64c0 35.346-28.654 64-64 64s-64-28.654-64-64zM448.002 896c0 0 0 0 0 0 0-35.346 28.654-64 64-64s64 28.654 64 64c0 0 0 0 0 0 0 35.346-28.654 64-64 64s-64-28.654-64-64zM176.472 783.53c0 0 0 0 0 0 0-35.346 28.654-64 64-64s64 28.654 64 64c0 0 0 0 0 0 0 35.346-28.654 64-64 64s-64-28.654-64-64zM144.472 240.47c0 0 0 0 0 0 0-53.019 42.981-96 96-96s96 42.981 96 96c0 0 0 0 0 0 0 53.019-42.981 96-96 96s-96-42.981-96-96zM56 512c0-39.765 32.235-72 72-72s72 32.235 72 72c0 39.765-32.235 72-72 72s-72-32.235-72-72z"
				],
				"attrs": [],
				"tags": [
					"spinner",
					"loading",
					"loading-wheel",
					"busy",
					"wait"
				],
				"grid": 16
			},
			"attrs": [],
			"properties": {
				"id": 510,
				"order": 10,
				"prevSize": 32,
				"ligatures": "spinner, loading2",
				"name": "spinner",
				"code": 59667
			},
			"setIdx": 0,
			"setId": 0,
			"iconIdx": 122
		},
		{
			"icon": {
				"paths": [
					"M1024 512c-1.278-66.862-15.784-133.516-42.576-194.462-26.704-61-65.462-116.258-113.042-161.92-47.552-45.696-103.944-81.82-164.984-105.652-61.004-23.924-126.596-35.352-191.398-33.966-64.81 1.282-129.332 15.374-188.334 41.356-59.048 25.896-112.542 63.47-156.734 109.576-44.224 46.082-79.16 100.708-102.186 159.798-23.114 59.062-34.128 122.52-32.746 185.27 1.286 62.76 14.964 125.148 40.134 182.206 25.088 57.1 61.476 108.828 106.11 151.548 44.61 42.754 97.472 76.504 154.614 98.72 57.118 22.304 118.446 32.902 179.142 31.526 60.708-1.29 120.962-14.554 176.076-38.914 55.15-24.282 105.116-59.48 146.366-102.644 41.282-43.14 73.844-94.236 95.254-149.43 13.034-33.458 21.88-68.4 26.542-103.798 1.246 0.072 2.498 0.12 3.762 0.12 35.346 0 64-28.652 64-64 0-1.796-0.094-3.572-0.238-5.332h0.238zM922.306 681.948c-23.472 53.202-57.484 101.4-99.178 141.18-41.67 39.81-91 71.186-144.244 91.79-53.228 20.678-110.29 30.452-166.884 29.082-56.604-1.298-112.596-13.736-163.82-36.474-51.25-22.666-97.684-55.49-135.994-95.712-38.338-40.198-68.528-87.764-88.322-139.058-19.87-51.284-29.228-106.214-27.864-160.756 1.302-54.552 13.328-108.412 35.254-157.69 21.858-49.3 53.498-93.97 92.246-130.81 38.73-36.868 84.53-65.87 133.874-84.856 49.338-19.060 102.136-28.006 154.626-26.644 52.5 1.306 104.228 12.918 151.562 34.034 47.352 21.050 90.256 51.502 125.624 88.782 35.396 37.258 63.21 81.294 81.39 128.688 18.248 47.392 26.782 98.058 25.424 148.496h0.238c-0.144 1.76-0.238 3.536-0.238 5.332 0 33.012 24.992 60.174 57.086 63.624-6.224 34.822-16.53 68.818-30.78 100.992z"
				],
				"attrs": [],
				"tags": [
					"spinner",
					"loading",
					"loading-wheel",
					"busy",
					"wait"
				],
				"grid": 16
			},
			"attrs": [],
			"properties": {
				"id": 511,
				"order": 11,
				"prevSize": 32,
				"ligatures": "spinner2, loading3",
				"name": "spinner2",
				"code": 59668
			},
			"setIdx": 0,
			"setId": 0,
			"iconIdx": 123
		},
		{
			"icon": {
				"paths": [
					"M512 303.096c-32.964 0-59.686-26.724-59.686-59.686v-179.060c0-32.964 26.722-59.686 59.686-59.686 32.962 0 59.688 26.722 59.688 59.686v179.060c0 32.964-26.726 59.686-59.688 59.686z",
					"M512 996.956c-20.602 0-37.304-16.702-37.304-37.304v-179.060c0-20.602 16.702-37.304 37.304-37.304 20.604 0 37.304 16.704 37.304 37.304v179.060c0 20.602-16.7 37.304-37.304 37.304z",
					"M377.756 335.36c-19.34 0-38.146-10.034-48.512-27.988l-89.53-155.070c-15.452-26.764-6.282-60.986 20.482-76.438 26.762-15.45 60.986-6.284 76.438 20.482l89.53 155.072c15.452 26.764 6.282 60.986-20.482 76.438-8.81 5.084-18.432 7.504-27.926 7.504z",
					"M735.856 933.256c-11.602 0-22.886-6.022-29.108-16.792l-89.53-155.070c-9.27-16.056-3.77-36.592 12.29-45.864 16.056-9.264 36.59-3.77 45.864 12.292l89.532 155.068c9.27 16.058 3.768 36.592-12.292 45.864-5.286 3.048-11.060 4.502-16.756 4.502z",
					"M279.344 429.94c-8.86 0-17.838-2.256-26.064-7.006l-155.072-89.53c-24.978-14.422-33.538-46.362-19.116-71.342 14.42-24.978 46.364-33.538 71.342-19.116l155.070 89.53c24.98 14.422 33.538 46.362 19.116 71.34-9.668 16.756-27.226 26.124-45.276 26.124z",
					"M899.648 765.674c-5.064 0-10.196-1.29-14.894-4.004l-155.068-89.53c-14.274-8.24-19.164-26.494-10.924-40.768 8.242-14.276 26.496-19.166 40.766-10.924l155.070 89.532c14.274 8.24 19.164 26.492 10.924 40.766-5.53 9.574-15.562 14.928-25.874 14.928z",
					"M243.41 560.496h-179.060c-26.784 0-48.496-21.712-48.496-48.496s21.712-48.496 48.496-48.496h179.060c26.784 0 48.496 21.712 48.496 48.496s-21.712 48.496-48.496 48.496z",
					"M959.65 541.844c-0.002 0 0 0 0 0h-179.060c-16.482-0.002-29.844-13.364-29.844-29.844s13.364-29.844 29.844-29.844c0.002 0 0 0 0 0h179.060c16.482 0 29.844 13.362 29.844 29.844 0 16.48-13.364 29.844-29.844 29.844z",
					"M124.366 780.598c-15.472 0-30.518-8.028-38.81-22.39-12.362-21.41-5.026-48.79 16.384-61.148l155.072-89.532c21.41-12.368 48.79-5.028 61.15 16.384 12.362 21.412 5.026 48.79-16.384 61.15l-155.072 89.53c-7.050 4.070-14.748 6.006-22.34 6.006z",
					"M744.632 407.552c-10.314 0-20.346-5.352-25.874-14.926-8.24-14.274-3.35-32.526 10.924-40.768l155.070-89.528c14.272-8.236 32.526-3.352 40.768 10.922 8.24 14.274 3.35 32.526-10.924 40.768l-155.070 89.528c-4.7 2.714-9.83 4.004-14.894 4.004z",
					"M288.136 940.716c-6.962 0-14.016-1.774-20.48-5.504-19.626-11.332-26.35-36.428-15.020-56.054l89.53-155.070c11.33-19.628 36.426-26.352 56.054-15.022 19.626 11.332 26.35 36.43 15.020 56.054l-89.53 155.072c-7.598 13.166-21.392 20.524-35.574 20.524z",
					"M646.266 309.242c-5.062 0-10.196-1.29-14.894-4.002-14.274-8.242-19.164-26.494-10.924-40.766l89.534-155.070c8.24-14.274 26.492-19.166 40.766-10.922 14.274 8.242 19.164 26.494 10.924 40.766l-89.532 155.070c-5.53 9.57-15.56 14.924-25.874 14.924z"
				],
				"attrs": [],
				"tags": [
					"spinner",
					"loading",
					"loading-wheel",
					"busy",
					"wait"
				],
				"grid": 16
			},
			"attrs": [],
			"properties": {
				"id": 512,
				"order": 12,
				"prevSize": 32,
				"ligatures": "spinner3, loading4",
				"name": "spinner3",
				"code": 59669
			},
			"setIdx": 0,
			"setId": 0,
			"iconIdx": 124
		},
		{
			"icon": {
				"paths": [
					"M384 128c0-70.692 57.308-128 128-128s128 57.308 128 128c0 70.692-57.308 128-128 128s-128-57.308-128-128zM790.994 512c0 0 0 0 0 0 0-57.993 47.013-105.006 105.006-105.006s105.006 47.013 105.006 105.006c0 0 0 0 0 0 0 57.993-47.013 105.006-105.006 105.006s-105.006-47.013-105.006-105.006zM688.424 783.53c0-52.526 42.58-95.106 95.106-95.106s95.106 42.58 95.106 95.106c0 52.526-42.58 95.106-95.106 95.106s-95.106-42.58-95.106-95.106zM425.862 896c0-47.573 38.565-86.138 86.138-86.138s86.138 38.565 86.138 86.138c0 47.573-38.565 86.138-86.138 86.138s-86.138-38.565-86.138-86.138zM162.454 783.53c0-43.088 34.93-78.018 78.018-78.018s78.018 34.93 78.018 78.018c0 43.088-34.93 78.018-78.018 78.018s-78.018-34.93-78.018-78.018zM57.338 512c0-39.026 31.636-70.662 70.662-70.662s70.662 31.636 70.662 70.662c0 39.026-31.636 70.662-70.662 70.662s-70.662-31.636-70.662-70.662zM176.472 240.472c0 0 0 0 0 0 0-35.346 28.654-64 64-64s64 28.654 64 64c0 0 0 0 0 0 0 35.346-28.654 64-64 64s-64-28.654-64-64zM899.464 240.472c0 64.024-51.906 115.934-115.936 115.934-64.024 0-115.936-51.91-115.936-115.934 0-64.032 51.912-115.934 115.936-115.934 64.030 0 115.936 51.902 115.936 115.934z"
				],
				"attrs": [],
				"tags": [
					"spinner",
					"loading",
					"loading-wheel",
					"busy",
					"wait"
				],
				"grid": 16
			},
			"attrs": [],
			"properties": {
				"id": 518,
				"order": 13,
				"prevSize": 32,
				"ligatures": "spinner6, loading7",
				"name": "spinner6",
				"code": 59670
			},
			"setIdx": 0,
			"setId": 0,
			"iconIdx": 127
		},
		{
			"icon": {
				"paths": [
					"M416 928c0-53.019 42.981-96 96-96s96 42.981 96 96c0 53.019-42.981 96-96 96s-96-42.981-96-96zM0 512c0-53.019 42.981-96 96-96s96 42.981 96 96c0 53.019-42.981 96-96 96s-96-42.981-96-96zM832 512c0-53.019 42.981-96 96-96s96 42.981 96 96c0 53.019-42.981 96-96 96s-96-42.981-96-96zM121.844 217.844c0-53.019 42.981-96 96-96s96 42.981 96 96c0 53.019-42.981 96-96 96s-96-42.981-96-96zM710.156 806.156c0-53.019 42.981-96 96-96s96 42.981 96 96c0 53.019-42.981 96-96 96s-96-42.981-96-96zM121.844 806.156c0-53.019 42.981-96 96-96s96 42.981 96 96c0 53.019-42.981 96-96 96s-96-42.981-96-96zM710.156 217.844c0-53.019 42.981-96 96-96s96 42.981 96 96c0 53.019-42.981 96-96 96s-96-42.981-96-96z"
				],
				"attrs": [],
				"tags": [
					"spinner",
					"loading",
					"loading-wheel",
					"busy",
					"wait"
				],
				"grid": 16
			},
			"attrs": [],
			"properties": {
				"id": 519,
				"order": 14,
				"prevSize": 32,
				"ligatures": "spinner7, loading8",
				"name": "spinner7",
				"code": 59671
			},
			"setIdx": 0,
			"setId": 0,
			"iconIdx": 128
		},
		{
			"icon": {
				"paths": [
					"M512 1024c-136.76 0-265.334-53.258-362.040-149.96-96.702-96.706-149.96-225.28-149.96-362.040 0-96.838 27.182-191.134 78.606-272.692 50-79.296 120.664-143.372 204.356-185.3l43 85.832c-68.038 34.084-125.492 86.186-166.15 150.67-41.746 66.208-63.812 142.798-63.812 221.49 0 229.382 186.618 416 416 416s416-186.618 416-416c0-78.692-22.066-155.282-63.81-221.49-40.66-64.484-98.114-116.584-166.15-150.67l43-85.832c83.692 41.928 154.358 106.004 204.356 185.3 51.422 81.558 78.604 175.854 78.604 272.692 0 136.76-53.258 265.334-149.96 362.040-96.706 96.702-225.28 149.96-362.040 149.96z"
				],
				"attrs": [],
				"tags": [
					"spinner",
					"loading",
					"loading-wheel",
					"busy",
					"wait"
				],
				"grid": 16
			},
			"attrs": [],
			"properties": {
				"id": 520,
				"order": 29,
				"prevSize": 32,
				"ligatures": "spinner8, loading9",
				"name": "spinner8",
				"code": 59672
			},
			"setIdx": 0,
			"setId": 0,
			"iconIdx": 129
		},
		{
			"icon": {
				"paths": [
					"M512 0c-278.748 0-505.458 222.762-511.848 499.974 5.92-241.864 189.832-435.974 415.848-435.974 229.75 0 416 200.576 416 448 0 53.020 42.98 96 96 96s96-42.98 96-96c0-282.77-229.23-512-512-512zM512 1024c278.748 0 505.458-222.762 511.848-499.974-5.92 241.864-189.832 435.974-415.848 435.974-229.75 0-416-200.576-416-448 0-53.020-42.98-96-96-96s-96 42.98-96 96c0 282.77 229.23 512 512 512z"
				],
				"attrs": [],
				"tags": [
					"spinner",
					"loading",
					"loading-wheel",
					"busy",
					"wait"
				],
				"grid": 16
			},
			"attrs": [],
			"properties": {
				"id": 521,
				"order": 15,
				"prevSize": 32,
				"ligatures": "spinner9, loading10",
				"name": "spinner9",
				"code": 59673
			},
			"setIdx": 0,
			"setId": 0,
			"iconIdx": 130
		},
		{
			"icon": {
				"paths": [
					"M0.042 513.618l-0.022 0.004c0 0 0.012 0.090 0.028 0.222 0.11 3.878 0.55 7.676 1.322 11.352 0.204 1.746 0.428 3.66 0.674 5.774 0.222 1.886 0.46 3.914 0.718 6.078 0.374 2.566 0.77 5.292 1.19 8.176 0.856 5.746 1.8 12.124 2.908 18.958 1.348 6.446 2.804 13.414 4.364 20.864 0.71 3.718 1.776 7.504 2.786 11.406 1.024 3.89 2.078 7.894 3.16 12.004 0.566 2.042 1.040 4.132 1.708 6.208 0.656 2.074 1.32 4.176 1.988 6.3 1.348 4.234 2.726 8.566 4.136 12.988 0.352 1.106 0.708 2.21 1.064 3.324 0.408 1.102 0.814 2.208 1.226 3.316 0.826 2.218 1.658 4.458 2.502 6.714 1.696 4.496 3.422 9.078 5.18 13.742 1.968 4.566 3.97 9.214 6.004 13.934 1.018 2.348 2.044 4.714 3.078 7.098 1.048 2.376 2.27 4.704 3.408 7.074 2.322 4.714 4.678 9.496 7.062 14.332 2.47 4.786 5.208 9.512 7.846 14.328 1.336 2.398 2.68 4.808 4.028 7.23 1.368 2.41 2.902 4.75 4.356 7.14 2.95 4.738 5.93 9.524 8.934 14.348 12.64 18.894 26.676 37.566 42.21 55.278 15.712 17.578 32.726 34.25 50.692 49.602 18.18 15.136 37.264 28.902 56.726 41.114 19.604 12.036 39.644 22.312 59.376 31.144 5.004 2.040 9.964 4.062 14.878 6.066 2.462 0.972 4.868 2.032 7.336 2.918 2.47 0.868 4.93 1.734 7.376 2.594 4.898 1.684 9.678 3.468 14.484 4.992 4.832 1.43 9.604 2.844 14.312 4.242 2.356 0.672 4.66 1.426 7.004 2.012 2.346 0.574 4.676 1.14 6.986 1.704 4.606 1.118 9.142 2.214 13.604 3.296 4.5 0.868 8.926 1.722 13.27 2.558 2.166 0.41 4.31 0.82 6.434 1.222 1.062 0.2 2.118 0.398 3.166 0.598 1.060 0.148 2.118 0.292 3.166 0.442 4.192 0.582 8.292 1.152 12.3 1.71 1.998 0.274 3.972 0.546 5.922 0.816 1.946 0.286 3.904 0.378 5.814 0.57 3.822 0.336 7.544 0.664 11.164 0.98 3.616 0.304 7.104 0.688 10.526 0.738 0.23 0.008 0.452 0.016 0.682 0.026 0.614 34.812 29.008 62.846 63.968 62.846 0.542 0 1.080-0.028 1.62-0.042v0.022c0 0 0.090-0.012 0.224-0.028 3.878-0.11 7.674-0.55 11.35-1.322 1.748-0.204 3.662-0.426 5.776-0.672 1.884-0.222 3.912-0.462 6.076-0.718 2.566-0.376 5.292-0.772 8.176-1.192 5.746-0.856 12.124-1.8 18.958-2.908 6.446-1.348 13.414-2.804 20.864-4.362 3.718-0.712 7.504-1.778 11.406-2.786 3.892-1.026 7.894-2.080 12.004-3.162 2.044-0.566 4.132-1.040 6.208-1.708 2.074-0.656 4.174-1.318 6.3-1.988 4.232-1.348 8.564-2.726 12.988-4.134 1.104-0.354 2.21-0.708 3.324-1.066 1.1-0.406 2.206-0.814 3.316-1.226 2.216-0.824 4.456-1.658 6.714-2.5 4.496-1.698 9.078-3.424 13.74-5.182 4.568-1.968 9.216-3.97 13.936-6.004 2.348-1.018 4.714-2.044 7.098-3.078 2.376-1.048 4.702-2.27 7.074-3.408 4.714-2.322 9.494-4.678 14.33-7.062 4.786-2.47 9.512-5.208 14.328-7.846 2.398-1.336 4.808-2.678 7.23-4.028 2.41-1.366 4.75-2.9 7.14-4.354 4.738-2.952 9.524-5.93 14.35-8.936 18.89-12.64 37.564-26.674 55.278-42.21 17.574-15.712 34.248-32.726 49.602-50.69 15.136-18.182 28.902-37.264 41.112-56.728 12.036-19.602 22.314-39.644 31.142-59.376 2.042-5.002 4.062-9.964 6.068-14.878 0.974-2.462 2.032-4.868 2.918-7.334 0.87-2.472 1.732-4.932 2.592-7.376 1.686-4.898 3.468-9.678 4.994-14.484 1.432-4.832 2.846-9.604 4.24-14.31 0.674-2.358 1.43-4.66 2.016-7.004 0.57-2.348 1.138-4.676 1.702-6.988 1.118-4.606 2.216-9.14 3.296-13.602 0.868-4.502 1.72-8.928 2.558-13.272 0.41-2.164 0.818-4.308 1.222-6.434 0.2-1.060 0.398-2.116 0.596-3.164 0.148-1.062 0.296-2.118 0.444-3.168 0.582-4.19 1.152-8.292 1.708-12.3 0.278-1.996 0.55-3.97 0.82-5.922 0.284-1.946 0.376-3.902 0.568-5.812 0.336-3.822 0.664-7.546 0.98-11.164 0.304-3.616 0.686-7.106 0.738-10.528 0.020-0.534 0.040-1.044 0.058-1.574 35.224-0.146 63.732-28.738 63.732-63.992 0-0.542-0.028-1.080-0.042-1.62h0.022c0 0-0.012-0.090-0.028-0.224-0.11-3.878-0.55-7.674-1.322-11.35-0.204-1.748-0.428-3.662-0.674-5.776-0.222-1.886-0.46-3.914-0.718-6.076-0.374-2.566-0.77-5.294-1.19-8.176-0.856-5.746-1.8-12.124-2.908-18.958-1.348-6.444-2.804-13.414-4.364-20.862-0.71-3.72-1.776-7.506-2.786-11.408-1.024-3.892-2.078-7.894-3.16-12.002-0.566-2.044-1.040-4.134-1.708-6.208-0.656-2.076-1.32-4.174-1.988-6.3-1.348-4.234-2.726-8.566-4.136-12.99-0.352-1.102-0.708-2.21-1.064-3.324-0.408-1.1-0.814-2.206-1.226-3.316-0.826-2.216-1.658-4.454-2.502-6.714-1.696-4.498-3.422-9.080-5.18-13.74-1.968-4.57-3.97-9.216-6.004-13.936-1.020-2.348-2.044-4.714-3.078-7.098-1.048-2.376-2.27-4.702-3.408-7.076-2.322-4.714-4.678-9.494-7.062-14.33-2.47-4.786-5.208-9.512-7.846-14.328-1.336-2.398-2.68-4.808-4.028-7.23-1.368-2.41-2.902-4.75-4.356-7.14-2.95-4.74-5.93-9.524-8.934-14.35-12.64-18.892-26.676-37.564-42.21-55.278-15.712-17.576-32.726-34.25-50.692-49.602-18.18-15.136-37.264-28.902-56.726-41.112-19.604-12.036-39.644-22.314-59.376-31.142-5.004-2.040-9.964-4.062-14.878-6.068-2.462-0.974-4.868-2.032-7.336-2.918-2.47-0.87-4.93-1.734-7.376-2.592-4.898-1.684-9.678-3.468-14.484-4.994-4.832-1.432-9.604-2.846-14.312-4.242-2.356-0.672-4.66-1.428-7.004-2.014-2.346-0.572-4.676-1.138-6.986-1.702-4.606-1.118-9.142-2.216-13.604-3.298-4.5-0.868-8.926-1.72-13.27-2.558-2.166-0.412-4.31-0.82-6.434-1.222-1.062-0.2-2.118-0.398-3.166-0.596-1.060-0.148-2.118-0.296-3.166-0.442-4.192-0.584-8.292-1.154-12.3-1.71-1.998-0.276-3.972-0.55-5.922-0.82-1.946-0.284-3.904-0.376-5.814-0.57-3.822-0.336-7.544-0.664-11.164-0.98-3.616-0.304-7.104-0.686-10.526-0.738-0.852-0.032-1.674-0.062-2.512-0.092-0.65-34.78-29.028-62.778-63.966-62.778-0.542 0-1.080 0.028-1.62 0.042l-0.002-0.022c0 0-0.090 0.012-0.222 0.028-3.878 0.11-7.676 0.55-11.352 1.322-1.748 0.204-3.662 0.426-5.776 0.672-1.884 0.222-3.912 0.462-6.076 0.718-2.566 0.376-5.292 0.772-8.176 1.192-5.746 0.856-12.124 1.8-18.958 2.908-6.446 1.348-13.414 2.804-20.864 4.362-3.718 0.712-7.504 1.778-11.406 2.786-3.892 1.026-7.894 2.080-12.004 3.162-2.044 0.566-4.132 1.040-6.208 1.708-2.074 0.656-4.174 1.318-6.3 1.988-4.232 1.348-8.564 2.726-12.988 4.134-1.104 0.354-2.21 0.708-3.324 1.066-1.1 0.406-2.206 0.814-3.316 1.226-2.216 0.824-4.456 1.658-6.714 2.5-4.496 1.698-9.078 3.424-13.74 5.182-4.568 1.968-9.216 3.97-13.936 6.004-2.348 1.018-4.714 2.044-7.098 3.078-2.376 1.048-4.702 2.27-7.074 3.408-4.714 2.322-9.494 4.678-14.33 7.062-4.786 2.47-9.512 5.208-14.328 7.846-2.398 1.336-4.808 2.678-7.23 4.028-2.41 1.366-4.75 2.9-7.14 4.354-4.738 2.952-9.524 5.93-14.35 8.936-18.89 12.64-37.564 26.674-55.278 42.21-17.574 15.712-34.248 32.726-49.602 50.69-15.136 18.182-28.902 37.264-41.112 56.728-12.036 19.602-22.314 39.644-31.142 59.376-2.042 5.002-4.062 9.964-6.068 14.878-0.974 2.462-2.032 4.868-2.918 7.334-0.87 2.472-1.732 4.932-2.592 7.376-1.686 4.898-3.468 9.678-4.994 14.484-1.432 4.832-2.846 9.604-4.24 14.31-0.674 2.358-1.43 4.66-2.016 7.004-0.57 2.348-1.138 4.676-1.702 6.988-1.118 4.606-2.216 9.14-3.296 13.602-0.868 4.502-1.72 8.928-2.558 13.272-0.41 2.164-0.818 4.308-1.222 6.434-0.2 1.060-0.398 2.116-0.596 3.164-0.148 1.062-0.296 2.118-0.444 3.168-0.582 4.19-1.152 8.292-1.708 12.3-0.278 1.996-0.55 3.97-0.82 5.922-0.284 1.946-0.376 3.902-0.568 5.812-0.336 3.822-0.664 7.546-0.98 11.164-0.304 3.616-0.686 7.106-0.738 10.528-0.020 0.548-0.040 1.076-0.058 1.62-34.376 1.112-61.902 29.304-61.902 63.946 0 0.542 0.028 1.078 0.042 1.618zM73.518 448.706c0.042-0.196 0.086-0.384 0.128-0.58 0.644-3.248 1.632-6.542 2.556-9.942 0.934-3.388 1.894-6.876 2.88-10.454 0.516-1.78 0.934-3.602 1.546-5.406 0.596-1.802 1.202-3.628 1.81-5.476 1.218-3.682 2.464-7.45 3.736-11.294 0.316-0.958 0.634-1.924 0.956-2.892 0.37-0.954 0.74-1.914 1.114-2.876 0.746-1.924 1.5-3.868 2.26-5.83 1.52-3.904 3.070-7.882 4.646-11.93 1.768-3.96 3.566-7.99 5.392-12.080 0.908-2.038 1.824-4.090 2.746-6.156 0.932-2.060 2.036-4.072 3.052-6.126 2.070-4.084 4.17-8.222 6.294-12.412 2.202-4.142 4.654-8.224 6.998-12.392 1.184-2.074 2.374-4.16 3.57-6.256 1.21-2.086 2.586-4.102 3.876-6.166 2.616-4.098 5.256-8.232 7.918-12.402 11.234-16.298 23.632-32.398 37.33-47.638 13.874-15.104 28.842-29.404 44.598-42.548 15.974-12.928 32.686-24.65 49.676-35.022 17.13-10.194 34.6-18.838 51.734-26.258 4.35-1.7 8.662-3.382 12.934-5.050 2.136-0.812 4.216-1.71 6.36-2.444 2.146-0.714 4.28-1.428 6.404-2.136 4.25-1.386 8.382-2.888 12.548-4.142 4.184-1.174 8.314-2.332 12.392-3.474 2.038-0.55 4.026-1.19 6.054-1.662 2.030-0.458 4.044-0.914 6.044-1.368 3.978-0.91 7.896-1.806 11.748-2.688 3.888-0.686 7.71-1.36 11.462-2.022 1.868-0.33 3.716-0.658 5.546-0.98 0.914-0.162 1.824-0.324 2.728-0.484 0.916-0.112 1.828-0.222 2.734-0.332 3.612-0.448 7.148-0.882 10.604-1.31 1.72-0.216 3.422-0.432 5.102-0.644 1.674-0.226 3.364-0.266 5.010-0.408 3.292-0.238 6.498-0.472 9.616-0.7 3.11-0.218 6.11-0.524 9.058-0.508 5.848-0.132 11.32-0.256 16.38-0.372 4.664 0.168 8.948 0.324 12.818 0.462 1.914 0.054 3.726 0.108 5.432 0.156 2.122 0.134 4.108 0.26 5.958 0.378 2.13 0.138 4.060 0.266 5.82 0.38 3.256 0.51 6.592 0.782 9.99 0.782 0.466 0 0.93-0.026 1.396-0.036 0.132 0.008 0.224 0.014 0.224 0.014v-0.020c31.14-0.778 56.75-23.784 61.556-53.754 0.542 0.12 1.064 0.236 1.612 0.356 3.246 0.644 6.542 1.632 9.942 2.556 3.386 0.934 6.876 1.894 10.454 2.88 1.778 0.516 3.602 0.934 5.404 1.546 1.802 0.596 3.63 1.202 5.478 1.812 3.68 1.218 7.448 2.464 11.292 3.736 0.96 0.316 1.924 0.634 2.892 0.956 0.956 0.37 1.914 0.74 2.876 1.112 1.926 0.746 3.868 1.5 5.83 2.26 3.904 1.52 7.884 3.070 11.932 4.646 3.96 1.768 7.988 3.566 12.080 5.392 2.038 0.908 4.088 1.824 6.156 2.746 2.060 0.932 4.072 2.036 6.126 3.054 4.082 2.070 8.222 4.17 12.41 6.294 4.144 2.202 8.226 4.654 12.394 6.998 2.074 1.184 4.16 2.374 6.256 3.572 2.086 1.21 4.102 2.586 6.166 3.876 4.098 2.616 8.23 5.256 12.402 7.918 16.296 11.234 32.398 23.632 47.636 37.33 15.104 13.874 29.406 28.842 42.55 44.598 12.928 15.974 24.648 32.686 35.020 49.676 10.196 17.13 18.84 34.6 26.26 51.736 1.698 4.348 3.382 8.662 5.050 12.932 0.812 2.136 1.71 4.216 2.444 6.36 0.714 2.146 1.428 4.28 2.136 6.404 1.386 4.25 2.888 8.384 4.142 12.548 1.174 4.184 2.33 8.316 3.474 12.392 0.55 2.038 1.19 4.026 1.66 6.054 0.46 2.030 0.916 4.046 1.368 6.046 0.91 3.978 1.808 7.896 2.688 11.748 0.688 3.888 1.362 7.71 2.024 11.462 0.33 1.868 0.656 3.716 0.98 5.548 0.162 0.914 0.324 1.824 0.484 2.728 0.11 0.916 0.222 1.828 0.332 2.734 0.446 3.612 0.882 7.148 1.31 10.604 0.216 1.72 0.432 3.42 0.642 5.1 0.226 1.674 0.268 3.364 0.41 5.010 0.238 3.292 0.472 6.498 0.7 9.616 0.218 3.11 0.524 6.11 0.508 9.058 0.132 5.848 0.256 11.32 0.372 16.38-0.168 4.664-0.324 8.948-0.462 12.818-0.054 1.914-0.108 3.726-0.156 5.432-0.134 2.122-0.26 4.108-0.378 5.958-0.138 2.13-0.266 4.060-0.38 5.82-0.498 3.256-0.768 6.592-0.768 9.99 0 0.468 0.026 0.93 0.036 1.396-0.008 0.132-0.016 0.224-0.016 0.224h0.022c0.768 30.766 23.236 56.128 52.682 61.37-0.066 0.296-0.13 0.584-0.198 0.884-0.644 3.248-1.632 6.542-2.556 9.942-0.934 3.388-1.894 6.876-2.88 10.454-0.516 1.78-0.934 3.602-1.546 5.406-0.596 1.802-1.202 3.628-1.81 5.476-1.218 3.682-2.464 7.45-3.736 11.294-0.316 0.958-0.634 1.924-0.956 2.892-0.37 0.954-0.74 1.914-1.114 2.876-0.746 1.924-1.5 3.868-2.26 5.83-1.52 3.904-3.070 7.882-4.646 11.93-1.768 3.96-3.566 7.99-5.392 12.080-0.908 2.038-1.824 4.090-2.746 6.156-0.932 2.060-2.036 4.072-3.052 6.126-2.070 4.084-4.17 8.222-6.294 12.412-2.202 4.142-4.654 8.224-6.998 12.392-1.184 2.074-2.374 4.16-3.57 6.256-1.21 2.086-2.586 4.102-3.876 6.166-2.616 4.098-5.256 8.232-7.918 12.402-11.234 16.298-23.632 32.398-37.33 47.638-13.874 15.104-28.842 29.404-44.598 42.548-15.974 12.928-32.686 24.65-49.676 35.022-17.13 10.194-34.6 18.838-51.734 26.258-4.35 1.7-8.662 3.382-12.934 5.050-2.136 0.812-4.216 1.71-6.36 2.444-2.146 0.714-4.28 1.428-6.404 2.136-4.25 1.386-8.382 2.888-12.548 4.142-4.184 1.174-8.314 2.332-12.392 3.474-2.038 0.55-4.026 1.19-6.054 1.662-2.030 0.458-4.044 0.914-6.044 1.368-3.978 0.91-7.896 1.806-11.748 2.688-3.888 0.686-7.71 1.36-11.462 2.022-1.868 0.33-3.716 0.658-5.546 0.98-0.914 0.162-1.824 0.324-2.728 0.484-0.916 0.112-1.828 0.222-2.734 0.332-3.612 0.448-7.148 0.882-10.604 1.31-1.72 0.216-3.422 0.432-5.102 0.644-1.674 0.226-3.364 0.266-5.010 0.408-3.292 0.238-6.498 0.472-9.616 0.7-3.11 0.218-6.11 0.524-9.058 0.508-5.848 0.132-11.32 0.256-16.38 0.372-4.664-0.168-8.948-0.324-12.818-0.462-1.914-0.054-3.726-0.108-5.432-0.156-2.122-0.134-4.108-0.26-5.958-0.378-2.13-0.138-4.060-0.266-5.82-0.38-3.256-0.51-6.592-0.782-9.99-0.782-0.466 0-0.93 0.026-1.396 0.036-0.132-0.008-0.224-0.014-0.224-0.014v0.020c-31.004 0.774-56.524 23.586-61.488 53.364-3.2-0.64-6.446-1.61-9.792-2.522-3.386-0.934-6.876-1.894-10.454-2.878-1.778-0.516-3.602-0.938-5.404-1.546-1.802-0.598-3.63-1.204-5.478-1.812-3.68-1.218-7.448-2.464-11.292-3.738-0.96-0.316-1.924-0.632-2.892-0.954-0.956-0.372-1.914-0.742-2.876-1.114-1.926-0.746-3.868-1.5-5.83-2.258-3.904-1.524-7.884-3.070-11.932-4.648-3.96-1.77-7.988-3.566-12.080-5.39-2.038-0.91-4.088-1.824-6.156-2.746-2.060-0.934-4.072-2.036-6.126-3.054-4.082-2.070-8.222-4.172-12.41-6.296-4.144-2.2-8.226-4.652-12.394-6.996-2.074-1.184-4.16-2.376-6.256-3.57-2.086-1.21-4.102-2.586-6.166-3.878-4.098-2.614-8.23-5.254-12.402-7.918-16.296-11.23-32.398-23.632-47.636-37.328-15.104-13.876-29.406-28.84-42.55-44.598-12.928-15.972-24.648-32.684-35.020-49.676-10.196-17.128-18.84-34.602-26.26-51.734-1.698-4.352-3.382-8.664-5.050-12.934-0.812-2.136-1.71-4.218-2.444-6.36-0.714-2.148-1.428-4.282-2.136-6.406-1.386-4.25-2.888-8.382-4.142-12.546-1.174-4.184-2.33-8.316-3.474-12.394-0.55-2.036-1.19-4.024-1.66-6.054-0.46-2.028-0.916-4.042-1.368-6.042-0.91-3.98-1.808-7.898-2.688-11.75-0.688-3.886-1.362-7.71-2.024-11.46-0.33-1.868-0.656-3.718-0.98-5.546-0.162-0.914-0.324-1.824-0.484-2.73-0.11-0.914-0.222-1.828-0.332-2.734-0.446-3.61-0.882-7.148-1.31-10.602-0.216-1.722-0.432-3.422-0.642-5.102-0.226-1.676-0.268-3.364-0.41-5.012-0.238-3.29-0.472-6.496-0.7-9.614-0.218-3.11-0.524-6.11-0.508-9.058-0.132-5.848-0.256-11.32-0.372-16.382 0.168-4.664 0.324-8.946 0.462-12.816 0.054-1.914 0.108-3.726 0.156-5.434 0.134-2.122 0.26-4.106 0.378-5.958 0.138-2.128 0.266-4.058 0.38-5.82 0.496-3.26 0.766-6.596 0.766-9.994 0-0.466-0.026-0.93-0.036-1.396 0.008-0.132 0.016-0.224 0.016-0.224h-0.022c-0.78-31.38-24.134-57.154-54.44-61.674z"
				],
				"attrs": [],
				"tags": [
					"spinner",
					"loading",
					"loading-wheel",
					"busy",
					"wait"
				],
				"grid": 16
			},
			"attrs": [],
			"properties": {
				"id": 522,
				"order": 16,
				"prevSize": 32,
				"ligatures": "spinner10, loading11",
				"name": "spinner10",
				"code": 59674
			},
			"setIdx": 0,
			"setId": 0,
			"iconIdx": 131
		},
		{
			"icon": {
				"paths": [
					"M1024 384h-384l143.53-143.53c-72.53-72.526-168.96-112.47-271.53-112.47s-199 39.944-271.53 112.47c-72.526 72.53-112.47 168.96-112.47 271.53s39.944 199 112.47 271.53c72.53 72.526 168.96 112.47 271.53 112.47s199-39.944 271.528-112.472c6.056-6.054 11.86-12.292 17.456-18.668l96.32 84.282c-93.846 107.166-231.664 174.858-385.304 174.858-282.77 0-512-229.23-512-512s229.23-512 512-512c141.386 0 269.368 57.326 362.016 149.984l149.984-149.984v384z"
				],
				"attrs": [],
				"tags": [
					"spinner",
					"loading",
					"loading-wheel",
					"refresh",
					"repeat",
					"busy",
					"wait",
					"arrow"
				],
				"grid": 16
			},
			"attrs": [],
			"properties": {
				"order": 17,
				"id": 1591,
				"prevSize": 32,
				"ligatures": "spinner11, loading12",
				"name": "spinner11",
				"code": 59675
			},
			"setIdx": 0,
			"setId": 0,
			"iconIdx": 132
		},
		{
			"icon": {
				"paths": [
					"M992.262 871.396l-242.552-206.294c-25.074-22.566-51.89-32.926-73.552-31.926 57.256-67.068 91.842-154.078 91.842-249.176 0-212.078-171.922-384-384-384-212.076 0-384 171.922-384 384s171.922 384 384 384c95.098 0 182.108-34.586 249.176-91.844-1 21.662 9.36 48.478 31.926 73.552l206.294 242.552c35.322 39.246 93.022 42.554 128.22 7.356s31.892-92.898-7.354-128.22zM384 640c-141.384 0-256-114.616-256-256s114.616-256 256-256 256 114.616 256 256-114.614 256-256 256z"
				],
				"attrs": [],
				"tags": [
					"search",
					"magnifier",
					"magnifying-glass",
					"inspect",
					"find"
				],
				"grid": 16
			},
			"attrs": [],
			"properties": {
				"id": 532,
				"order": 6,
				"prevSize": 32,
				"ligatures": "search, magnifier",
				"name": "search",
				"code": 59676
			},
			"setIdx": 0,
			"setId": 0,
			"iconIdx": 134
		},
		{
			"icon": {
				"paths": [
					"M128 320v640c0 35.2 28.8 64 64 64h576c35.2 0 64-28.8 64-64v-640h-704zM320 896h-64v-448h64v448zM448 896h-64v-448h64v448zM576 896h-64v-448h64v448zM704 896h-64v-448h64v448z",
					"M848 128h-208v-80c0-26.4-21.6-48-48-48h-224c-26.4 0-48 21.6-48 48v80h-208c-26.4 0-48 21.6-48 48v80h832v-80c0-26.4-21.6-48-48-48zM576 128h-192v-63.198h192v63.198z"
				],
				"attrs": [],
				"tags": [
					"bin",
					"trashcan",
					"remove",
					"delete",
					"recycle",
					"dispose"
				],
				"grid": 16
			},
			"attrs": [],
			"properties": {
				"id": 684,
				"order": 24,
				"prevSize": 32,
				"ligatures": "bin, trashcan",
				"name": "bin",
				"code": 59677
			},
			"setIdx": 0,
			"setId": 0,
			"iconIdx": 172
		},
		{
			"icon": {
				"paths": [
					"M192 1024h640l64-704h-768zM640 128v-128h-256v128h-320v192l64-64h768l64 64v-192h-320zM576 128h-128v-64h128v64z"
				],
				"attrs": [],
				"tags": [
					"bin",
					"trashcan",
					"remove",
					"delete",
					"recycle",
					"dispose"
				],
				"grid": 16
			},
			"attrs": [],
			"properties": {
				"id": 681,
				"order": 25,
				"prevSize": 32,
				"ligatures": "bin2, trashcan2",
				"name": "bin2",
				"code": 59678
			},
			"setIdx": 0,
			"setId": 0,
			"iconIdx": 173
		},
		{
			"icon": {
				"paths": [
					"M64 192h896v192h-896zM64 448h896v192h-896zM64 704h896v192h-896z"
				],
				"attrs": [],
				"tags": [
					"menu",
					"list",
					"options",
					"lines",
					"hamburger"
				],
				"grid": 16
			},
			"attrs": [],
			"properties": {
				"order": 1,
				"id": 1448,
				"prevSize": 32,
				"ligatures": "menu, list3",
				"name": "menu",
				"code": 59679
			},
			"setIdx": 0,
			"setId": 0,
			"iconIdx": 189
		},
		{
			"icon": {
				"paths": [
					"M1024 657.542c0-82.090-56.678-150.9-132.996-169.48-3.242-128.7-108.458-232.062-237.862-232.062-75.792 0-143.266 35.494-186.854 90.732-24.442-31.598-62.69-51.96-105.708-51.96-73.81 0-133.642 59.874-133.642 133.722 0 6.436 0.48 12.76 1.364 18.954-11.222-2.024-22.766-3.138-34.57-3.138-106.998-0.002-193.732 86.786-193.732 193.842 0 107.062 86.734 193.848 193.73 193.848l656.262-0.012c96.138-0.184 174.008-78.212 174.008-174.446z"
				],
				"attrs": [],
				"tags": [
					"cloud",
					"weather"
				],
				"grid": 16
			},
			"attrs": [],
			"properties": {
				"id": 787,
				"order": 49,
				"prevSize": 32,
				"ligatures": "cloud, weather",
				"name": "cloud",
				"code": 59680
			},
			"setIdx": 0,
			"setId": 0,
			"iconIdx": 193
		},
		{
			"icon": {
				"paths": [
					"M891.004 360.060c-3.242-128.698-108.458-232.060-237.862-232.060-75.792 0-143.266 35.494-186.854 90.732-24.442-31.598-62.69-51.96-105.708-51.96-73.81 0-133.642 59.876-133.642 133.722 0 6.436 0.48 12.76 1.364 18.954-11.222-2.024-22.766-3.138-34.57-3.138-106.998-0.002-193.732 86.786-193.732 193.842 0 107.062 86.734 193.848 193.73 193.848h91.76l226.51 234.51 226.51-234.51 111.482-0.012c96.138-0.184 174.008-78.21 174.008-174.446 0-82.090-56.678-150.9-132.996-169.482zM512 832l-192-192h128v-192h128v192h128l-192 192z"
				],
				"attrs": [],
				"tags": [
					"cloud-download",
					"cloud",
					"save",
					"download"
				],
				"grid": 16
			},
			"attrs": [],
			"properties": {
				"id": 788,
				"order": 50,
				"prevSize": 32,
				"ligatures": "cloud-download, cloud2",
				"name": "cloud-download",
				"code": 59681
			},
			"setIdx": 0,
			"setId": 0,
			"iconIdx": 194
		},
		{
			"icon": {
				"paths": [
					"M892.268 514.49c2.442-11.108 3.732-22.646 3.732-34.49 0-88.366-71.634-160-160-160-14.224 0-28.014 1.868-41.134 5.352-24.796-77.352-97.288-133.352-182.866-133.352-87.348 0-161.054 58.336-184.326 138.17-22.742-6.62-46.792-10.17-71.674-10.17-141.384 0-256 114.616-256 256 0 141.382 114.616 256 256 256h608c88.366 0 160-71.632 160-160 0-78.718-56.854-144.16-131.732-157.51zM416 768l-160-160 64-64 96 96 224-224 64 64-288 288z"
				],
				"attrs": [],
				"tags": [
					"cloud-check",
					"cloud",
					"synced"
				],
				"grid": 16
			},
			"attrs": [],
			"properties": {
				"order": 51,
				"id": 1491,
				"prevSize": 32,
				"ligatures": "cloud-check, cloud4",
				"name": "cloud-check",
				"code": 59682
			},
			"setIdx": 0,
			"setId": 0,
			"iconIdx": 196
		},
		{
			"icon": {
				"paths": [
					"M480 64c-265.096 0-480 214.904-480 480 0 265.098 214.904 480 480 480 265.098 0 480-214.902 480-480 0-265.096-214.902-480-480-480zM751.59 704c8.58-40.454 13.996-83.392 15.758-128h127.446c-3.336 44.196-13.624 87.114-30.68 128h-112.524zM208.41 384c-8.58 40.454-13.996 83.392-15.758 128h-127.444c3.336-44.194 13.622-87.114 30.678-128h112.524zM686.036 384c9.614 40.962 15.398 83.854 17.28 128h-191.316v-128h174.036zM512 320v-187.338c14.59 4.246 29.044 11.37 43.228 21.37 26.582 18.74 52.012 47.608 73.54 83.486 14.882 24.802 27.752 52.416 38.496 82.484h-155.264zM331.232 237.516c21.528-35.878 46.956-64.748 73.54-83.486 14.182-10 28.638-17.124 43.228-21.37v187.34h-155.264c10.746-30.066 23.616-57.68 38.496-82.484zM448 384v128h-191.314c1.88-44.146 7.666-87.038 17.278-128h174.036zM95.888 704c-17.056-40.886-27.342-83.804-30.678-128h127.444c1.762 44.608 7.178 87.546 15.758 128h-112.524zM256.686 576h191.314v128h-174.036c-9.612-40.96-15.398-83.854-17.278-128zM448 768v187.34c-14.588-4.246-29.044-11.372-43.228-21.37-26.584-18.74-52.014-47.61-73.54-83.486-14.882-24.804-27.75-52.418-38.498-82.484h155.266zM628.768 850.484c-21.528 35.876-46.958 64.746-73.54 83.486-14.184 9.998-28.638 17.124-43.228 21.37v-187.34h155.266c-10.746 30.066-23.616 57.68-38.498 82.484zM512 704v-128h191.314c-1.88 44.146-7.666 87.040-17.28 128h-174.034zM767.348 512c-1.762-44.608-7.178-87.546-15.758-128h112.524c17.056 40.886 27.344 83.806 30.68 128h-127.446zM830.658 320h-95.9c-18.638-58.762-44.376-110.294-75.316-151.428 42.536 20.34 81.058 47.616 114.714 81.272 21.48 21.478 40.362 44.938 56.502 70.156zM185.844 249.844c33.658-33.658 72.18-60.932 114.714-81.272-30.942 41.134-56.676 92.666-75.316 151.428h-95.898c16.138-25.218 35.022-48.678 56.5-70.156zM129.344 768h95.898c18.64 58.762 44.376 110.294 75.318 151.43-42.536-20.34-81.058-47.616-114.714-81.274-21.48-21.478-40.364-44.938-56.502-70.156zM774.156 838.156c-33.656 33.658-72.18 60.934-114.714 81.274 30.942-41.134 56.678-92.668 75.316-151.43h95.9c-16.14 25.218-35.022 48.678-56.502 70.156z"
				],
				"attrs": [],
				"tags": [
					"sphere",
					"globe",
					"internet"
				],
				"grid": 16
			},
			"attrs": [],
			"properties": {
				"id": 802,
				"order": 53,
				"prevSize": 32,
				"ligatures": "sphere, globe",
				"name": "sphere",
				"code": 59683
			},
			"setIdx": 0,
			"setId": 0,
			"iconIdx": 201
		},
		{
			"icon": {
				"paths": [
					"M512 0c-282.77 0-512 229.23-512 512s229.23 512 512 512 512-229.23 512-512-229.23-512-512-512zM512 960.002c-62.958 0-122.872-13.012-177.23-36.452l233.148-262.29c5.206-5.858 8.082-13.422 8.082-21.26v-96c0-17.674-14.326-32-32-32-112.99 0-232.204-117.462-233.374-118.626-6-6.002-14.14-9.374-22.626-9.374h-128c-17.672 0-32 14.328-32 32v192c0 12.122 6.848 23.202 17.69 28.622l110.31 55.156v187.886c-116.052-80.956-192-215.432-192-367.664 0-68.714 15.49-133.806 43.138-192h116.862c8.488 0 16.626-3.372 22.628-9.372l128-128c6-6.002 9.372-14.14 9.372-22.628v-77.412c40.562-12.074 83.518-18.588 128-18.588 70.406 0 137.004 16.26 196.282 45.2-4.144 3.502-8.176 7.164-12.046 11.036-36.266 36.264-56.236 84.478-56.236 135.764s19.97 99.5 56.236 135.764c36.434 36.432 85.218 56.264 135.634 56.26 3.166 0 6.342-0.080 9.518-0.236 13.814 51.802 38.752 186.656-8.404 372.334-0.444 1.744-0.696 3.488-0.842 5.224-81.324 83.080-194.7 134.656-320.142 134.656z"
				],
				"attrs": [],
				"tags": [
					"earth",
					"globe",
					"language",
					"web",
					"internet",
					"sphere",
					"planet"
				],
				"grid": 16
			},
			"attrs": [],
			"properties": {
				"order": 52,
				"id": 1423,
				"prevSize": 32,
				"ligatures": "earth, globe2",
				"name": "earth",
				"code": 59684
			},
			"setIdx": 0,
			"setId": 0,
			"iconIdx": 202
		},
		{
			"icon": {
				"paths": [
					"M0 0h128v1024h-128v-1024z",
					"M832 643.002c82.624 0 154.57-19.984 192-49.5v-512c-37.43 29.518-109.376 49.502-192 49.502s-154.57-19.984-192-49.502v512c37.43 29.516 109.376 49.5 192 49.5z",
					"M608 32.528c-46.906-19.94-115.52-32.528-192-32.528-96.396 0-180.334 19.984-224 49.502v512c43.666-29.518 127.604-49.502 224-49.502 76.48 0 145.094 12.588 192 32.528v-512z"
				],
				"attrs": [],
				"tags": [
					"flag",
					"report",
					"mark"
				],
				"grid": 16
			},
			"attrs": [],
			"properties": {
				"id": 816,
				"order": 54,
				"prevSize": 32,
				"ligatures": "flag, report",
				"name": "flag",
				"code": 59685
			},
			"setIdx": 0,
			"setId": 0,
			"iconIdx": 204
		},
		{
			"icon": {
				"paths": [
					"M1024 397.050l-353.78-51.408-158.22-320.582-158.216 320.582-353.784 51.408 256 249.538-60.432 352.352 316.432-166.358 316.432 166.358-60.434-352.352 256.002-249.538z"
				],
				"attrs": [],
				"tags": [
					"star-full",
					"rate",
					"star",
					"favorite",
					"bookmark"
				],
				"grid": 16
			},
			"attrs": [],
			"properties": {
				"id": 865,
				"order": 55,
				"prevSize": 32,
				"ligatures": "star-full, rate3",
				"name": "star-full",
				"code": 59686
			},
			"setIdx": 0,
			"setId": 0,
			"iconIdx": 217
		},
		{
			"icon": {
				"paths": [
					"M992 384h-352v-352c0-17.672-14.328-32-32-32h-192c-17.672 0-32 14.328-32 32v352h-352c-17.672 0-32 14.328-32 32v192c0 17.672 14.328 32 32 32h352v352c0 17.672 14.328 32 32 32h192c17.672 0 32-14.328 32-32v-352h352c17.672 0 32-14.328 32-32v-192c0-17.672-14.328-32-32-32z"
				],
				"attrs": [],
				"tags": [
					"plus",
					"add",
					"sum"
				],
				"grid": 16
			},
			"attrs": [],
			"properties": {
				"id": 986,
				"order": 35,
				"prevSize": 32,
				"ligatures": "plus, add",
				"name": "plus",
				"code": 59687
			},
			"setIdx": 0,
			"setId": 0,
			"iconIdx": 266
		},
		{
			"icon": {
				"paths": [
					"M0 416v192c0 17.672 14.328 32 32 32h960c17.672 0 32-14.328 32-32v-192c0-17.672-14.328-32-32-32h-960c-17.672 0-32 14.328-32 32z"
				],
				"attrs": [],
				"tags": [
					"minus",
					"subtract",
					"minimize",
					"line"
				],
				"grid": 16
			},
			"attrs": [],
			"properties": {
				"id": 985,
				"order": 36,
				"prevSize": 32,
				"ligatures": "minus, subtract",
				"name": "minus",
				"code": 59688
			},
			"setIdx": 0,
			"setId": 0,
			"iconIdx": 267
		},
		{
			"icon": {
				"paths": [
					"M1014.662 822.66c-0.004-0.004-0.008-0.008-0.012-0.010l-310.644-310.65 310.644-310.65c0.004-0.004 0.008-0.006 0.012-0.010 3.344-3.346 5.762-7.254 7.312-11.416 4.246-11.376 1.824-24.682-7.324-33.83l-146.746-146.746c-9.148-9.146-22.45-11.566-33.828-7.32-4.16 1.55-8.070 3.968-11.418 7.31 0 0.004-0.004 0.006-0.008 0.010l-310.648 310.652-310.648-310.65c-0.004-0.004-0.006-0.006-0.010-0.010-3.346-3.342-7.254-5.76-11.414-7.31-11.38-4.248-24.682-1.826-33.83 7.32l-146.748 146.748c-9.148 9.148-11.568 22.452-7.322 33.828 1.552 4.16 3.97 8.072 7.312 11.416 0.004 0.002 0.006 0.006 0.010 0.010l310.65 310.648-310.65 310.652c-0.002 0.004-0.006 0.006-0.008 0.010-3.342 3.346-5.76 7.254-7.314 11.414-4.248 11.376-1.826 24.682 7.322 33.83l146.748 146.746c9.15 9.148 22.452 11.568 33.83 7.322 4.16-1.552 8.070-3.97 11.416-7.312 0.002-0.004 0.006-0.006 0.010-0.010l310.648-310.65 310.648 310.65c0.004 0.002 0.008 0.006 0.012 0.008 3.348 3.344 7.254 5.762 11.414 7.314 11.378 4.246 24.684 1.826 33.828-7.322l146.746-146.748c9.148-9.148 11.57-22.454 7.324-33.83-1.552-4.16-3.97-8.068-7.314-11.414z"
				],
				"attrs": [],
				"tags": [
					"cross",
					"cancel",
					"close",
					"quit",
					"remove"
				],
				"grid": 16
			},
			"attrs": [],
			"properties": {
				"id": 975,
				"order": 37,
				"prevSize": 32,
				"ligatures": "cross, cancel",
				"name": "cross",
				"code": 59689
			},
			"setIdx": 0,
			"setId": 0,
			"iconIdx": 271
		},
		{
			"icon": {
				"paths": [
					"M864 128l-480 480-224-224-160 160 384 384 640-640z"
				],
				"attrs": [],
				"tags": [
					"checkmark",
					"tick",
					"correct",
					"accept",
					"ok"
				],
				"grid": 16
			},
			"attrs": [],
			"properties": {
				"id": 980,
				"order": 38,
				"prevSize": 32,
				"ligatures": "checkmark, tick",
				"name": "checkmark",
				"code": 59690
			},
			"setIdx": 0,
			"setId": 0,
			"iconIdx": 272
		},
		{
			"icon": {
				"paths": [
					"M512 32l-480 480h288v512h384v-512h288z"
				],
				"attrs": [],
				"tags": [
					"arrow-up",
					"up",
					"upload",
					"top"
				],
				"grid": 16
			},
			"attrs": [],
			"properties": {
				"id": 1065,
				"order": 28,
				"prevSize": 32,
				"ligatures": "arrow-up, up",
				"name": "arrow-up",
				"code": 59691
			},
			"setIdx": 0,
			"setId": 0,
			"iconIdx": 306
		},
		{
			"icon": {
				"paths": [
					"M512 992l480-480h-288v-512h-384v512h-288z"
				],
				"attrs": [],
				"tags": [
					"arrow-down",
					"down",
					"download",
					"bottom"
				],
				"grid": 16
			},
			"attrs": [],
			"properties": {
				"id": 1069,
				"order": 27,
				"prevSize": 32,
				"ligatures": "arrow-down, down",
				"name": "arrow-down",
				"code": 59692
			},
			"setIdx": 0,
			"setId": 0,
			"iconIdx": 310
		},
		{
			"icon": {
				"paths": [
					"M0 512c0 282.77 229.23 512 512 512s512-229.23 512-512-229.23-512-512-512-512 229.23-512 512zM928 512c0 229.75-186.25 416-416 416s-416-186.25-416-416 186.25-416 416-416 416 186.25 416 416z",
					"M706.744 669.256l90.512-90.512-285.256-285.254-285.254 285.256 90.508 90.508 194.746-194.744z"
				],
				"attrs": [],
				"tags": [
					"circle-up",
					"up",
					"circle-top",
					"arrow"
				],
				"grid": 16
			},
			"attrs": [],
			"properties": {
				"order": 19,
				"id": 1393,
				"prevSize": 32,
				"ligatures": "circle-up, up3",
				"name": "circle-up",
				"code": 59693
			},
			"setIdx": 0,
			"setId": 0,
			"iconIdx": 321
		},
		{
			"icon": {
				"paths": [
					"M512 0c-282.77 0-512 229.23-512 512s229.23 512 512 512 512-229.23 512-512-229.23-512-512-512zM512 928c-229.75 0-416-186.25-416-416s186.25-416 416-416 416 186.25 416 416-186.25 416-416 416z",
					"M354.744 706.744l90.512 90.512 285.254-285.256-285.256-285.254-90.508 90.508 194.744 194.746z"
				],
				"attrs": [],
				"tags": [
					"circle-right",
					"right",
					"circle-next",
					"arrow"
				],
				"grid": 16
			},
			"attrs": [],
			"properties": {
				"order": 20,
				"id": 1395,
				"prevSize": 32,
				"ligatures": "circle-right, right5",
				"name": "circle-right",
				"code": 59694
			},
			"setIdx": 0,
			"setId": 0,
			"iconIdx": 322
		},
		{
			"icon": {
				"paths": [
					"M1024 512c0-282.77-229.23-512-512-512s-512 229.23-512 512 229.23 512 512 512 512-229.23 512-512zM96 512c0-229.75 186.25-416 416-416s416 186.25 416 416-186.25 416-416 416-416-186.25-416-416z",
					"M317.256 354.744l-90.512 90.512 285.256 285.254 285.254-285.256-90.508-90.508-194.746 194.744z"
				],
				"attrs": [],
				"tags": [
					"circle-down",
					"down",
					"circle-bottom",
					"arrow"
				],
				"grid": 16
			},
			"attrs": [],
			"properties": {
				"order": 21,
				"id": 1394,
				"prevSize": 32,
				"ligatures": "circle-down, down3",
				"name": "circle-down",
				"code": 59695
			},
			"setIdx": 0,
			"setId": 0,
			"iconIdx": 323
		},
		{
			"icon": {
				"paths": [
					"M512 1024c282.77 0 512-229.23 512-512s-229.23-512-512-512-512 229.23-512 512 229.23 512 512 512zM512 96c229.75 0 416 186.25 416 416s-186.25 416-416 416-416-186.25-416-416 186.25-416 416-416z",
					"M669.256 317.256l-90.512-90.512-285.254 285.256 285.256 285.254 90.508-90.508-194.744-194.746z"
				],
				"attrs": [],
				"tags": [
					"circle-left",
					"left",
					"circle-previous",
					"arrow"
				],
				"grid": 16
			},
			"attrs": [],
			"properties": {
				"id": 5,
				"order": 22,
				"prevSize": 32,
				"ligatures": "circle-left, left5",
				"name": "circle-left",
				"code": 59696
			},
			"setIdx": 0,
			"setId": 0,
			"iconIdx": 324
		},
		{
			"icon": {
				"paths": [
					"M0 64h1024v128h-1024zM0 256h1024v128h-1024zM0 448h1024v128h-1024zM0 640h1024v128h-1024zM0 832h1024v128h-1024z"
				],
				"attrs": [],
				"tags": [
					"paragraph-justify",
					"wysiwyg",
					"justify"
				],
				"grid": 16
			},
			"attrs": [],
			"properties": {
				"id": 1258,
				"order": 5,
				"prevSize": 32,
				"ligatures": "paragraph-justify, wysiwyg28",
				"name": "paragraph-justify",
				"code": 59697
			},
			"setIdx": 0,
			"setId": 0,
			"iconIdx": 378
		},
		{
			"icon": {
				"paths": [
					"M0.806 869.664c-0.244-2.532-0.452-5.070-0.584-7.63 0.13 2.56 0.34 5.098 0.584 7.63zM235.908 565.148c92.010 2.738 153.734-92.698 137.862-213.198-15.894-120.48-103.396-217.168-195.408-219.922-92.026-2.73-153.74 89.482-137.852 210 15.882 120.468 103.352 220.374 195.398 223.12zM1024 256v-85.31c0-93.88-76.782-170.69-170.658-170.69h-682.656c-92.276 0-168.012 74.232-170.564 165.926 58.362-51.386 139.324-94.316 222.874-94.316 89.304 0 357.244 0 357.244 0l-79.948 67.618h-113.268c75.13 28.804 115.156 116.124 115.156 205.722 0 75.248-41.81 139.954-100.888 185.968-57.644 44.902-68.572 63.708-68.572 101.878 0 32.578 61.746 88 94.032 110.788 94.382 66.538 124.916 128.312 124.916 231.456 0 16.428-2.042 32.83-6.066 48.96h307.742c93.874 0 170.656-76.75 170.656-170.69v-533.308h-192v191.998h-64v-192h-191.998v-64h191.998v-192h64v192h192zM185.886 765.936c21.614 0 41.422-0.59 61.936-0.59-27.146-26.334-48.626-58.6-48.626-98.38 0-23.608 7.564-46.336 18.134-66.52-10.782 0.77-21.79 0.994-33.126 0.994-74.356 0-137.506-24.076-184.204-63.854v67.242l0.006 201.73c53.44-25.374 116.888-40.622 185.88-40.622zM3.42 887.258c-1.112-5.458-1.966-11.006-2.542-16.634 0.574 5.628 1.43 11.176 2.542 16.634zM455.45 952.846c-15.058-58.806-68.454-87.964-142.888-139.568-27.072-8.732-56.894-13.874-88.894-14.208-89.618-0.964-173.108 34.942-220.216 88.372 15.92 77.706 85.034 136.558 167.234 136.558h286.444c1.816-11.128 2.696-22.632 2.696-34.432 0-12.534-1.534-24.792-4.376-36.722z"
				],
				"attrs": [],
				"tags": [
					"google-plus",
					"brand",
					"social"
				],
				"grid": 16
			},
			"attrs": [],
			"properties": {
				"id": 1294,
				"order": 4,
				"prevSize": 32,
				"ligatures": "google-plus2, brand3",
				"name": "google-plus2",
				"code": 59698
			},
			"setIdx": 0,
			"setId": 0,
			"iconIdx": 393
		},
		{
			"icon": {
				"paths": [
					"M853.35 0h-682.702c-94.25 0-170.648 76.42-170.648 170.686v682.63c0 94.266 76.398 170.684 170.648 170.684h341.352v-448h-128v-128h128v-96c0-88.366 71.634-160 160-160h160v128h-160c-17.674 0-32 14.328-32 32v96h176l-32 128h-144v448h213.35c94.25 0 170.65-76.418 170.65-170.684v-682.63c0-94.266-76.4-170.686-170.65-170.686z"
				],
				"attrs": [],
				"tags": [
					"facebook",
					"brand",
					"social"
				],
				"grid": 16
			},
			"attrs": [],
			"properties": {
				"id": 1298,
				"order": 3,
				"prevSize": 32,
				"ligatures": "facebook2, brand7",
				"name": "facebook2",
				"code": 59699
			},
			"setIdx": 0,
			"setId": 0,
			"iconIdx": 397
		},
		{
			"icon": {
				"paths": [
					"M853.342 0h-682.656c-93.874 0-170.686 76.81-170.686 170.69v682.624c0 93.936 76.812 170.686 170.686 170.686h682.656c93.876 0 170.658-76.75 170.658-170.69v-682.62c0-93.88-76.782-170.69-170.658-170.69zM766.478 381.48c0.252 5.632 0.38 11.296 0.38 16.988 0 173.51-132.070 373.588-373.584 373.588-74.15 0-143.168-21.738-201.276-58.996 10.272 1.218 20.724 1.84 31.322 1.84 61.518 0 118.134-20.992 163.072-56.21-57.458-1.054-105.948-39.020-122.658-91.184 8.018 1.532 16.244 2.36 24.704 2.36 11.976 0 23.578-1.61 34.592-4.61-60.064-12.066-105.326-65.132-105.326-128.75 0-0.554 0-1.104 0.012-1.652 17.7 9.834 37.948 15.742 59.47 16.424-35.232-23.546-58.414-63.736-58.414-109.292 0-24.064 6.476-46.62 17.78-66.010 64.76 79.44 161.51 131.712 270.634 137.19-2.238-9.612-3.4-19.632-3.4-29.924 0-72.512 58.792-131.298 131.304-131.298 37.766 0 71.892 15.944 95.842 41.462 29.908-5.886 58.008-16.814 83.38-31.862-9.804 30.662-30.624 56.394-57.732 72.644 26.56-3.174 51.866-10.232 75.412-20.674-17.594 26.328-39.854 49.454-65.514 67.966z"
				],
				"attrs": [],
				"tags": [
					"twitter",
					"brand",
					"tweet",
					"social"
				],
				"grid": 16
			},
			"attrs": [],
			"properties": {
				"id": 1303,
				"order": 2,
				"prevSize": 32,
				"ligatures": "twitter2, brand12",
				"name": "twitter2",
				"code": 59700
			},
			"setIdx": 0,
			"setId": 0,
			"iconIdx": 402
		},
		{
			"icon": {
				"paths": [
					"M293.188 0l-69.188 137.234-69.188-137.234h-88.248l124.71 217.314 0.726-0.43v167.116h64v-167.116l0.726 0.43 124.71-217.314z",
					"M480 128c17.346 0 32 14.654 32 32v128c0 17.346-14.654 32-32 32s-32-14.654-32-32v-128c0-17.346 14.654-32 32-32zM480 64c-52.8 0-96 43.2-96 96v128c0 52.8 43.2 96 96 96s96-43.2 96-96v-128c0-52.8-43.2-96-96-96v0z",
					"M768 64v251.968c-27.922 23.288-64 37.332-64-45.634v-206.334h-64v219.324h0.096c0.986 52.91 12.142 148.168 127.904 70.712v29.964h64v-320h-64z",
					"M864 704c-17.644 0-32 14.356-32 32v32h64v-32c0-17.644-14.356-32-32-32z",
					"M576 736v168c21.666 21.666 64 24 64-8s0-118 0-150-32-42-64-10z",
					"M1018.766 581.54c-2.792-36.862-16.046-66.942-39.778-90.244-23.726-23.298-54.080-35.994-91.068-38.080-69.784-3.478-229.452-5.216-369.716-5.216-140.266 0-311.294 1.738-381.078 5.216-36.986 2.086-67.342 14.782-91.068 38.080-23.728 23.302-36.988 53.382-39.778 90.244-4.188 75.116-6.28 102.352-6.28 139.91 0 37.56 2.092 93.894 6.28 169.012 2.792 36.862 16.050 66.944 39.778 90.244 23.726 23.298 54.082 35.992 91.068 38.080 69.782 3.476 240.81 5.214 381.078 5.214 140.266 0 299.934-1.738 369.716-5.214 36.988-2.088 67.342-14.782 91.068-38.080 23.73-23.3 36.986-53.382 39.778-90.244 3.49-62.598 5.234-118.934 5.234-169.012 0-50.076-1.744-77.314-5.234-139.91zM192 960h-64v-320h-64v-64h192v64h-64v320zM448 960h-64v-29.962c-121.666 68.294-126.918 2.198-127.904-50.712h-0.096v-175.326h64v176.334c0 38.666 36.078 34.924 64 11.634v-187.968h64v256zM704 895.086c0 66.892-68.504 86.402-128 34.39v30.524h-64v-384h64v104c64-64 128-40 128 24s0 121.172 0 191.086zM960 768v32h-128v64c0 17.644 14.356 32 32 32s32-14.356 32-32v-32h64v32c0 52.934-43.066 96-96 96s-96-43.066-96-96v-128c0-52.934 43.066-96 96-96s96 43.066 96 96v32z"
				],
				"attrs": [],
				"tags": [
					"youtube",
					"brand",
					"social"
				],
				"grid": 16
			},
			"attrs": [],
			"properties": {
				"order": 26,
				"id": 1541,
				"prevSize": 32,
				"ligatures": "youtube3, brand16",
				"name": "youtube3",
				"code": 59701
			},
			"setIdx": 0,
			"setId": 0,
			"iconIdx": 409
		},
		{
			"icon": {
				"paths": [
					"M1009.376 5.12c-5.312-3.424-11.36-5.12-17.376-5.12-6.176 0-12.384 1.76-17.76 5.376l-960 640c-9.888 6.56-15.328 18.112-14.048 29.952 1.216 11.808 8.896 22.016 19.936 26.368l250.368 100.192 117.728 206.016c5.632 9.888 16.096 16 27.424 16.128 0.128 0 0.224 0 0.352 0 11.232 0 21.664-5.952 27.424-15.552l66.464-110.816 310.24 124.064c3.808 1.536 7.808 2.272 11.872 2.272 5.44 0 10.816-1.376 15.68-4.128 8.448-4.736 14.24-13.056 15.872-22.624l160-960c2.080-12.576-3.488-25.184-14.176-32.128zM100.352 664.864l741.6-494.432-539.2 577.184c-2.848-1.696-5.376-3.936-8.512-5.184l-193.888-77.568zM326.048 770.112c-0.064-0.128-0.16-0.192-0.224-0.32l606.176-648.8-516.768 805.184-89.184-156.064zM806.944 947.488l-273.312-109.312c-6.496-2.56-13.248-3.424-19.936-3.808l420.864-652.416-127.616 765.536z"
				],
				"attrs": [],
				"tags": [
					"paperplane",
					"send",
					"flight",
					"email"
				],
				"grid": 32
			},
			"attrs": [],
			"properties": {
				"id": 30,
				"order": 23,
				"prevSize": 32,
				"code": 59702,
				"name": "paperplane"
			},
			"setIdx": 1,
			"setId": 1,
			"iconIdx": 30
		},
		{
			"icon": {
				"paths": [
					"M496 0c-273.952 0-496 222.048-496 496s222.048 496 496 496 496-222.048 496-496-222.048-496-496-496zM927.2 480h-191.872c-1.76-70.88-14.368-138.592-36.736-200.576 43.2-18.016 83.136-41.984 119.552-70.304 64.736 72.672 105.216 167.040 109.056 270.88zM478.304 927.104c-53.184-44.288-97.792-101.792-130.432-168.576 41.888-13.088 86.272-20.256 132.128-21.728v190.368c-0.576 0-1.12-0.032-1.696-0.064zM513.632 64.896c60.352 50.24 109.6 117.536 142.912 196.032-45.632 15.584-94.112 24.64-144.576 26.24l0-222.368c0.608 0.032 1.12 0.064 1.664 0.096zM566.944 70.336c88.32 14.688 167.552 55.936 229.248 115.648-33.504 25.696-70.112 47.456-109.696 63.936-29.12-69.024-69.984-130.048-119.552-179.584zM480 64.8v222.368c-50.464-1.632-98.976-10.656-144.576-26.24 33.312-78.496 82.56-145.792 142.912-196.032 0.576-0.032 1.088-0.064 1.664-0.096zM305.472 249.952c-39.52-16.48-76.16-38.24-109.664-63.936 61.664-59.712 140.928-100.96 229.248-115.648-49.6 49.504-90.432 110.528-119.584 179.584zM323.36 290.432c49.344 17.12 101.92 27.104 156.64 28.768v160.8h-191.328c1.728-67.008 13.6-131.040 34.688-189.568zM480 512v192.8c-50.464 1.536-99.264 9.792-145.248 24.608-27.712-65.984-44.064-139.488-46.080-217.408h191.328zM425.056 921.664c-79.136-13.152-151.008-47.616-209.44-97.664 31.52-21.856 65.6-40.352 102.016-54.4 27.904 57.856 64.416 109.216 107.424 152.064zM512 927.2v-190.368c45.824 1.472 90.24 8.64 132.128 21.728-32.672 66.784-77.248 124.288-130.432 168.576-0.544 0-1.12 0.032-1.696 0.064zM674.368 769.6c36.384 14.048 70.432 32.576 102.016 54.4-58.432 50.016-130.304 84.512-209.44 97.664 43.008-42.848 79.488-94.208 107.424-152.064zM657.248 729.408c-46.016-14.816-94.816-23.072-145.248-24.608v-192.8h191.328c-2.016 77.92-18.4 151.424-46.080 217.408zM512 480v-160.8c54.688-1.664 107.264-11.616 156.64-28.736 21.056 58.528 32.928 122.56 34.688 189.568l-191.328-0zM173.888 209.12c36.416 28.32 76.352 52.288 119.52 70.304-22.368 61.984-34.976 129.696-36.736 200.576h-191.872c3.84-103.84 44.32-198.208 109.088-270.88zM64.8 512h191.872c1.984 81.76 19.072 158.976 48.096 228.384-40.544 15.808-78.336 36.864-113.216 61.792-75.136-74.784-122.56-177.024-126.752-290.176zM800.448 802.144c-34.88-24.896-72.672-45.984-113.248-61.792 29.056-69.408 46.112-146.624 48.128-228.384h191.872c-4.192 113.184-51.648 215.424-126.752 290.176z"
				],
				"attrs": [],
				"tags": [
					"world",
					"globe",
					"internet",
					"network"
				],
				"grid": 32
			},
			"attrs": [],
			"properties": {
				"id": 47,
				"order": 56,
				"prevSize": 32,
				"code": 59703,
				"name": "world"
			},
			"setIdx": 1,
			"setId": 1,
			"iconIdx": 47
		}
	],
	"height": 1024,
	"metadata": {
		"name": "icomoon"
	},
	"preferences": {
		"showGlyphs": true,
		"showQuickUse": true,
		"showQuickUse2": true,
		"showSVGs": true,
		"fontPref": {
			"prefix": "icon-",
			"metadata": {
				"fontFamily": "icomoon"
			},
			"metrics": {
				"emSize": 1024,
				"baseline": 6.25,
				"whitespace": 50
			},
			"embed": false
		},
		"imagePref": {
			"prefix": "icon-",
			"png": true,
			"useClassSelector": true,
			"color": 4473924,
			"bgColor": 16777215
		},
		"historySize": 100,
		"showCodes": false
	}
}